{
  "required": true,
  "compatibilityLevel": "JAVA_8",
  "package": "me.rebirthclient.asm",
  "refmap": "mixins.rebirth.refmap.json",
  "minVersion": "0.7.11",
  "mixins": [
    "accessors.IGuiBossOverlay",
    "accessors.IGuiShulkerBox",
    "accessors.IC00Handshake",
    "accessors.ICPacketPlayer",
    "accessors.IRenderManager",
    "accessors.IEntityPlayerSP",
    "accessors.IEntityRenderer",
    "accessors.IRenderGlobal",
    "accessors.IServerAddress",
    "accessors.IShaderGroup",
    "accessors.ISPacketEntityVelocity",
    "accessors.ISPacketExplosion",
    "mixins.MixinBlockWeb",
    "mixins.MixinBlockLiquid",
    "mixins.MixinEntity",
    "mixins.MixinEntityLivingBase",
    "mixins.MixinEntityPlayer",
    "mixins.MixinEntityPlayerSP",
    "mixins.MixinEntityRenderer",
    "mixins.MixinFontRenderer",
    "mixins.MixinGuiChat",
    "mixins.MixinGuiInGame",
    "mixins.MixinGuiContainer",
    "mixins.MixinGuiMainMenu",
    "mixins.MixinGuiNewChat",
    "mixins.MixinGuiPlayerTabOverlay",
    "mixins.MixinGuiScreen",
    "mixins.MixinGuiToast",
    "mixins.MixinItemEntityRenderer",
    "mixins.MixinItemRenderer",
    "mixins.MixinLayerArmorBase",
    "mixins.MixinLayerBipedArmor",
    "mixins.MixinLayerEntityOnShoulder",
    "mixins.MixinMinecraft",
    "mixins.MixinModelPlayer",
    "mixins.MixinMovementInputFromOptions",
    "mixins.MixinNetworkManager",
    "mixins.MixinNetHandlerPlayClient",
    "mixins.MixinPlayerControllerMP",
    "mixins.MixinRenderEnderCrystal",
    "mixins.MixinRenderGlobal",
    "mixins.MixinRenderItem",
    "mixins.MixinRenderLivingBase",
    "mixins.MixinRenderManager",
    "mixins.MixinRenderPlayer",
    "mixins.MixinTileEntityShulkerBox",
    "mixins.MixinTimer",
    "mixins.MixinWorld",
    "mixins.MixinLocale"
  ]
}
