{
  "mappings": {
    "me/rebirthclient/asm/mixins/MixinBlockLiquid": {
      "modifyAcceleration": "Lnet/minecraft/block/BlockLiquid;func_176197_a(Lnet/minecraft/world/World;Lnet/minecraft/util/math/BlockPos;Lnet/minecraft/entity/Entity;Lnet/minecraft/util/math/Vec3d;)Lnet/minecraft/util/math/Vec3d;",
      "canCollideCheck": "Lnet/minecraft/block/BlockLiquid;func_176209_a(Lnet/minecraft/block/state/IBlockState;Z)Z"
    },
    "me/rebirthclient/asm/mixins/MixinLocale": {
      "checkUnicode": "Lnet/minecraft/client/resources/Locale;func_135024_b()V"
    },
    "me/rebirthclient/asm/mixins/MixinGuiToast": {
      "drawToast": "Lnet/minecraft/client/gui/toasts/GuiToast;func_191783_a(Lnet/minecraft/client/gui/ScaledResolution;)V"
    },
    "me/rebirthclient/asm/mixins/MixinEntityPlayerSP": {
      "move": "Lnet/minecraft/client/entity/EntityPlayerSP;func_70091_d(Lnet/minecraft/entity/MoverType;DDD)V",
      "onLivingUpdate": "Lnet/minecraft/client/entity/EntityPlayerSP;func_70636_d()V",
      "Lnet/minecraft/client/entity/AbstractClientPlayer;move(Lnet/minecraft/entity/MoverType;DDD)V": "Lnet/minecraft/client/entity/AbstractClientPlayer;func_70091_d(Lnet/minecraft/entity/MoverType;DDD)V",
      "pushOutOfBlocks": "Lnet/minecraft/client/entity/EntityPlayerSP;func_145771_j(DDD)Z",
      "Lnet/minecraft/client/entity/EntityPlayerSP;closeScreen()V": "Lnet/minecraft/client/entity/EntityPlayerSP;func_71053_j()V",
      "updateEntityActionState": "Lnet/minecraft/client/entity/EntityPlayerSP;func_70626_be()V",
      "onUpdateWalkingPlayer": "Lnet/minecraft/client/entity/EntityPlayerSP;func_175161_p()V",
      "Lnet/minecraft/client/entity/EntityPlayerSP;isCurrentViewEntity()Z": "Lnet/minecraft/client/entity/EntityPlayerSP;func_175160_A()Z",
      "Lnet/minecraft/client/Minecraft;displayGuiScreen(Lnet/minecraft/client/gui/GuiScreen;)V": "Lnet/minecraft/client/Minecraft;func_147108_a(Lnet/minecraft/client/gui/GuiScreen;)V"
    },
    "me/rebirthclient/asm/mixins/MixinGuiNewChat": {
      "drawChat": "Lnet/minecraft/client/gui/GuiNewChat;func_146230_a(I)V",
      "setChatLine": "Lnet/minecraft/client/gui/GuiNewChat;func_146237_a(Lnet/minecraft/util/text/ITextComponent;IIZ)V",
      "Lnet/minecraft/client/renderer/GlStateManager;pushMatrix()V": "Lnet/minecraft/client/renderer/GlStateManager;func_179094_E()V",
      "Lnet/minecraft/client/gui/GuiNewChat;drawRect(IIIII)V": "Lnet/minecraft/client/gui/GuiNewChat;func_73734_a(IIIII)V",
      "printChatMessageWithOptionalDeletion": "Lnet/minecraft/client/gui/GuiNewChat;func_146234_a(Lnet/minecraft/util/text/ITextComponent;I)V",
      "Lnet/minecraft/client/gui/FontRenderer;drawStringWithShadow(Ljava/lang/String;FFI)I": "Lnet/minecraft/client/gui/FontRenderer;func_175063_a(Ljava/lang/String;FFI)I"
    },
    "me/rebirthclient/asm/mixins/MixinEntity": {
      "move": "Lnet/minecraft/entity/Entity;func_70091_d(Lnet/minecraft/entity/MoverType;DDD)V",
      "applyEntityCollision": "Lnet/minecraft/entity/Entity;func_70108_f(Lnet/minecraft/entity/Entity;)V",
      "Lnet/minecraft/profiler/Profiler;endSection()V": "Lnet/minecraft/profiler/Profiler;func_76319_b()V",
      "rayTrace": "Lnet/minecraft/entity/Entity;func_174822_a(DF)Lnet/minecraft/util/math/RayTraceResult;",
      "turn": "Lnet/minecraft/entity/Entity;func_70082_c(FF)V",
      "Lnet/minecraft/entity/Entity;addVelocity(DDD)V": "Lnet/minecraft/entity/Entity;func_70024_g(DDD)V"
    },
    "me/rebirthclient/asm/mixins/MixinTileEntityShulkerBox": {
      "moveCollidedEntities": "Lnet/minecraft/tileentity/TileEntityShulkerBox;func_190589_G()V"
    },
    "me/rebirthclient/asm/mixins/MixinEntityRenderer": {
      "hurtCameraEffect": "Lnet/minecraft/client/renderer/EntityRenderer;func_78482_e(F)V",
      "Lnet/minecraft/client/Minecraft;getRenderViewEntity()Lnet/minecraft/entity/Entity;": "Lnet/minecraft/client/Minecraft;func_175606_aa()Lnet/minecraft/entity/Entity;",
      "Lnet/minecraft/client/renderer/texture/DynamicTexture;updateDynamicTexture()V": "Lnet/minecraft/client/renderer/texture/DynamicTexture;func_110564_a()V",
      "Lnet/minecraft/client/entity/EntityPlayerSP;turn(FF)V": "Lnet/minecraft/client/entity/EntityPlayerSP;func_70082_c(FF)V",
      "setupCameraTransform": "Lnet/minecraft/client/renderer/EntityRenderer;func_78479_a(FI)V",
      "updateCameraAndRender": "Lnet/minecraft/client/renderer/EntityRenderer;func_181560_a(FJ)V",
      "updateLightmap": "Lnet/minecraft/client/renderer/EntityRenderer;func_78472_g(F)V",
      "Lnet/minecraft/client/multiplayer/WorldClient;getEntitiesInAABBexcluding(Lnet/minecraft/entity/Entity;Lnet/minecraft/util/math/AxisAlignedBB;Lcom/google/common/base/Predicate;)Ljava/util/List;": "Lnet/minecraft/client/multiplayer/WorldClient;func_175674_a(Lnet/minecraft/entity/Entity;Lnet/minecraft/util/math/AxisAlignedBB;Lcom/google/common/base/Predicate;)Ljava/util/List;",
      "renderCloudsCheck": "Lnet/minecraft/client/renderer/EntityRenderer;func_180437_a(Lnet/minecraft/client/renderer/RenderGlobal;FIDDD)V",
      "Lnet/minecraft/client/entity/EntityPlayerSP;isSpectator()Z": "Lnet/minecraft/client/entity/EntityPlayerSP;func_175149_v()Z",
      "renderItemActivation": "Lnet/minecraft/client/renderer/EntityRenderer;func_190563_a(IIF)V",
      "orientCamera": "Lnet/minecraft/client/renderer/EntityRenderer;func_78467_g(F)V",
      "getMouseOver": "Lnet/minecraft/client/renderer/EntityRenderer;func_78473_a(F)V",
      "renderWorldPass": "Lnet/minecraft/client/renderer/EntityRenderer;func_175068_a(IFJ)V"
    },
    "me/rebirthclient/asm/mixins/MixinGuiPlayerTabOverlay": {
      "renderPlayerlist": "Lnet/minecraft/client/gui/GuiPlayerTabOverlay;func_175249_a(ILnet/minecraft/scoreboard/Scoreboard;Lnet/minecraft/scoreboard/ScoreObjective;)V",
      "getPlayerName": "Lnet/minecraft/client/gui/GuiPlayerTabOverlay;func_175243_a(Lnet/minecraft/client/network/NetworkPlayerInfo;)Ljava/lang/String;"
    },
    "me/rebirthclient/asm/accessors/ISPacketExplosion": {
      "motionZ": "field_149159_h:F",
      "motionY": "field_149153_g:F",
      "motionX": "field_149152_f:F"
    },
    "me/rebirthclient/asm/mixins/MixinItemEntityRenderer": {
      "doRender": "Lnet/minecraft/client/renderer/entity/RenderEntityItem;func_76986_a(Lnet/minecraft/entity/item/EntityItem;DDDFF)V"
    },
    "me/rebirthclient/asm/mixins/MixinEntityPlayer": {
      "getCooldownPeriod": "Lnet/minecraft/entity/player/EntityPlayer;func_184818_cX()F",
      "jump": "Lnet/minecraft/entity/player/EntityPlayer;func_70664_aZ()V"
    },
    "me/rebirthclient/asm/mixins/MixinRenderPlayer": {
      "Lnet/minecraft/client/entity/AbstractClientPlayer;isUser()Z": "Lnet/minecraft/client/entity/AbstractClientPlayer;func_175144_cb()Z",
      "doRender": "Lnet/minecraft/client/renderer/entity/RenderPlayer;func_76986_a(Lnet/minecraft/client/entity/AbstractClientPlayer;DDDFF)V",
      "renderEntityName*": "Lnet/minecraft/client/renderer/entity/RenderPlayer;func_188296_a(Lnet/minecraft/client/entity/AbstractClientPlayer;DDDLjava/lang/String;D)V",
      "getEntityTexture": "Lnet/minecraft/client/renderer/entity/RenderPlayer;func_110775_a(Lnet/minecraft/client/entity/AbstractClientPlayer;)Lnet/minecraft/util/ResourceLocation;"
    },
    "me/rebirthclient/asm/accessors/IEntityPlayerSP": {
      "lastReportedPitch": "field_175165_bM:F",
      "autoJumpEnabled": "field_189811_cr:Z",
      "positionUpdateTicks": "field_175168_bP:I",
      "serverSneakState": "field_175170_bN:Z",
      "serverSprintState": "field_175171_bO:Z",
      "prevOnGround": "field_184841_cd:Z",
      "lastReportedPosY": "field_175166_bJ:D",
      "lastReportedPosZ": "field_175167_bK:D",
      "onUpdateWalkingPlayer": "func_175161_p()V",
      "lastReportedPosX": "field_175172_bI:D",
      "handActive": "field_184842_cm:Z",
      "lastReportedYaw": "field_175164_bL:F"
    },
    "me/rebirthclient/asm/accessors/IShaderGroup": {
      "mainFramebuffer": "field_148035_a:Lnet/minecraft/client/shader/Framebuffer;",
      "listShaders": "field_148031_d:Ljava/util/List;"
    },
    "me/rebirthclient/asm/mixins/MixinMinecraft": {
      "sendClickBlockToController": "Lnet/minecraft/client/Minecraft;func_147115_a(Z)V",
      "Lnet/minecraft/client/Minecraft;displayCrashReport(Lnet/minecraft/crash/CrashReport;)V": "Lnet/minecraft/client/Minecraft;func_71377_b(Lnet/minecraft/crash/CrashReport;)V",
      "getLimitFramerate": "Lnet/minecraft/client/Minecraft;func_90020_K()I",
      "Lnet/minecraft/client/multiplayer/PlayerControllerMP;getIsHittingBlock()Z": "Lnet/minecraft/client/multiplayer/PlayerControllerMP;func_181040_m()Z",
      "run": "Lnet/minecraft/client/Minecraft;func_99999_d()V",
      "shutdownMinecraftApplet": "Lnet/minecraft/client/Minecraft;func_71405_e()V",
      "rightClickMouse": "Lnet/minecraft/client/Minecraft;func_147121_ag()V",
      "Lnet/minecraft/client/entity/EntityPlayerSP;isHandActive()Z": "Lnet/minecraft/client/entity/EntityPlayerSP;func_184587_cr()Z"
    },
    "me/rebirthclient/asm/mixins/MixinNetworkManager": {
      "sendPacket(Lnet/minecraft/network/Packet;)V": "Lnet/minecraft/network/NetworkManager;func_179290_a(Lnet/minecraft/network/Packet;)V",
      "exceptionCaught": "Lnet/minecraft/network/NetworkManager;exceptionCaught(Lio/netty/channel/ChannelHandlerContext;Ljava/lang/Throwable;)V",
      "channelRead0": "Lnet/minecraft/network/NetworkManager;channelRead0(Lio/netty/channel/ChannelHandlerContext;Lnet/minecraft/network/Packet;)V"
    },
    "me/rebirthclient/asm/mixins/MixinRenderLivingBase": {
      "Lnet/minecraft/client/model/ModelBase;render(Lnet/minecraft/entity/Entity;FFFFFF)V": "Lnet/minecraft/client/model/ModelBase;func_78088_a(Lnet/minecraft/entity/Entity;FFFFFF)V",
      "doRender*": "Lnet/minecraft/client/renderer/entity/RenderLivingBase;func_76986_a(Lnet/minecraft/entity/EntityLivingBase;DDDFF)V",
      "renderModel": "Lnet/minecraft/client/renderer/entity/RenderLivingBase;func_77036_a(Lnet/minecraft/entity/EntityLivingBase;FFFFFF)V"
    },
    "me/rebirthclient/asm/accessors/IGuiShulkerBox": {
      "inventory": "field_190779_v:Lnet/minecraft/inventory/IInventory;"
    },
    "me/rebirthclient/asm/mixins/MixinItemRenderer": {
      "Lnet/minecraft/client/renderer/ItemRenderer;renderItemSide(Lnet/minecraft/entity/EntityLivingBase;Lnet/minecraft/item/ItemStack;Lnet/minecraft/client/renderer/block/model/ItemCameraTransforms$TransformType;Z)V": "Lnet/minecraft/client/renderer/ItemRenderer;func_187462_a(Lnet/minecraft/entity/EntityLivingBase;Lnet/minecraft/item/ItemStack;Lnet/minecraft/client/renderer/block/model/ItemCameraTransforms$TransformType;Z)V",
      "renderItemInFirstPerson(Lnet/minecraft/client/entity/AbstractClientPlayer;FFLnet/minecraft/util/EnumHand;FLnet/minecraft/item/ItemStack;F)V": "Lnet/minecraft/client/renderer/ItemRenderer;func_187457_a(Lnet/minecraft/client/entity/AbstractClientPlayer;FFLnet/minecraft/util/EnumHand;FLnet/minecraft/item/ItemStack;F)V",
      "rotateArm": "Lnet/minecraft/client/renderer/ItemRenderer;func_187458_c(F)V",
      "renderFireInFirstPerson": "Lnet/minecraft/client/renderer/ItemRenderer;func_78442_d()V",
      "renderOverlays": "Lnet/minecraft/client/renderer/ItemRenderer;func_78447_b(F)V",
      "transformSideFirstPerson": "Lnet/minecraft/client/renderer/ItemRenderer;func_187459_b(Lnet/minecraft/util/EnumHandSide;F)V",
      "setLightmap": "Lnet/minecraft/client/renderer/ItemRenderer;func_187464_b()V",
      "renderItemInFirstPerson(F)V": "Lnet/minecraft/client/renderer/ItemRenderer;func_78440_a(F)V",
      "Lnet/minecraft/client/Minecraft;player:Lnet/minecraft/client/entity/EntityPlayerSP;": "Lnet/minecraft/client/Minecraft;field_71439_g:Lnet/minecraft/client/entity/EntityPlayerSP;",
      "transformEatFirstPerson": "Lnet/minecraft/client/renderer/ItemRenderer;func_187454_a(FLnet/minecraft/util/EnumHandSide;Lnet/minecraft/item/ItemStack;)V"
    },
    "me/rebirthclient/asm/mixins/MixinRenderGlobal": {
      "sendBlockBreakProgress": "Lnet/minecraft/client/renderer/RenderGlobal;func_180441_b(ILnet/minecraft/util/math/BlockPos;I)V",
      "damagedBlocks": "field_72738_E:Ljava/util/Map;"
    },
    "me/rebirthclient/asm/mixins/MixinLayerEntityOnShoulder": {
      "doRenderLayer*": "Lnet/minecraft/client/renderer/entity/layers/LayerEntityOnShoulder;func_177141_a(Lnet/minecraft/entity/player/EntityPlayer;FFFFFFF)V"
    },
    "me/rebirthclient/asm/accessors/IEntityRenderer": {
      "renderHand": "func_78476_b(FI)V",
      "setupCameraTransform": "func_78479_a(FI)V"
    },
    "me/rebirthclient/asm/mixins/MixinEntityLivingBase": {
      "onLivingUpdate": "Lnet/minecraft/entity/EntityLivingBase;func_70636_d()V",
      "travel": "Lnet/minecraft/entity/EntityLivingBase;func_191986_a(FFF)V",
      "getArmSwingAnimationEnd": "Lnet/minecraft/entity/EntityLivingBase;func_82166_i()I"
    },
    "me/rebirthclient/asm/mixins/MixinNetHandlerPlayClient": {
      "onDisconnect": "Lnet/minecraft/client/network/NetHandlerPlayClient;func_147231_a(Lnet/minecraft/util/text/ITextComponent;)V"
    },
    "me/rebirthclient/asm/accessors/IServerAddress": {
      "getServerAddress": "func_78863_b(Ljava/lang/String;)[Ljava/lang/String;"
    },
    "me/rebirthclient/asm/mixins/MixinGuiMainMenu": {
      "drawScreen(IIF)V": "Lnet/minecraft/client/gui/GuiMainMenu;func_73863_a(IIF)V",
      "mouseClicked": "Lnet/minecraft/client/gui/GuiMainMenu;func_73864_a(III)V",
      "initGui": "Lnet/minecraft/client/gui/GuiMainMenu;func_73866_w_()V",
      "keyTyped": "Lnet/minecraft/client/gui/GuiMainMenu;func_73869_a(CI)V"
    },
    "me/rebirthclient/asm/mixins/MixinRenderItem": {
      "net/minecraft/client/renderer/RenderItem.renderModel(Lnet/minecraft/client/renderer/block/model/IBakedModel;I)V": "Lnet/minecraft/client/renderer/RenderItem;func_191965_a(Lnet/minecraft/client/renderer/block/model/IBakedModel;I)V",
      "renderItemModel": "Lnet/minecraft/client/renderer/RenderItem;func_184394_a(Lnet/minecraft/item/ItemStack;Lnet/minecraft/client/renderer/block/model/IBakedModel;Lnet/minecraft/client/renderer/block/model/ItemCameraTransforms$TransformType;Z)V",
      "Lnet/minecraft/client/renderer/RenderItem;renderItem(Lnet/minecraft/item/ItemStack;Lnet/minecraft/client/renderer/block/model/IBakedModel;)V": "Lnet/minecraft/client/renderer/RenderItem;func_180454_a(Lnet/minecraft/item/ItemStack;Lnet/minecraft/client/renderer/block/model/IBakedModel;)V",
      "renderEffect": "Lnet/minecraft/client/renderer/RenderItem;func_191966_a(Lnet/minecraft/client/renderer/block/model/IBakedModel;)V"
    },
    "me/rebirthclient/asm/mixins/MixinModelPlayer": {
      "render": "Lnet/minecraft/client/model/ModelPlayer;func_78088_a(Lnet/minecraft/entity/Entity;FFFFFF)V"
    },
    "me/rebirthclient/asm/mixins/MixinRenderEnderCrystal": {
      "Lnet/minecraft/client/model/ModelBase;render(Lnet/minecraft/entity/Entity;FFFFFF)V": "Lnet/minecraft/client/model/ModelBase;func_78088_a(Lnet/minecraft/entity/Entity;FFFFFF)V",
      "doRender(Lnet/minecraft/entity/item/EntityEnderCrystal;DDDFF)V": "Lnet/minecraft/client/renderer/entity/RenderEnderCrystal;func_76986_a(Lnet/minecraft/entity/item/EntityEnderCrystal;DDDFF)V"
    },
    "me/rebirthclient/asm/accessors/IRenderGlobal": {
      "entityOutlineShader": "field_174991_A:Lnet/minecraft/client/shader/ShaderGroup;",
      "damagedBlocks": "field_72738_E:Ljava/util/Map;"
    },
    "me/rebirthclient/asm/mixins/MixinLayerArmorBase": {
      "doRenderLayer": "Lnet/minecraft/client/renderer/entity/layers/LayerArmorBase;func_177141_a(Lnet/minecraft/entity/EntityLivingBase;FFFFFFF)V",
      "Lnet/minecraft/client/renderer/entity/layers/LayerArmorBase;renderArmorLayer(Lnet/minecraft/entity/EntityLivingBase;FFFFFFFLnet/minecraft/inventory/EntityEquipmentSlot;)V": "Lnet/minecraft/client/renderer/entity/layers/LayerArmorBase;func_188361_a(Lnet/minecraft/entity/EntityLivingBase;FFFFFFFLnet/minecraft/inventory/EntityEquipmentSlot;)V"
    },
    "me/rebirthclient/asm/mixins/MixinGuiInGame": {
      "renderPotionEffects": "Lnet/minecraft/client/gui/GuiIngame;func_184048_a(Lnet/minecraft/client/gui/ScaledResolution;)V",
      "renderScoreboard": "Lnet/minecraft/client/gui/GuiIngame;func_180475_a(Lnet/minecraft/scoreboard/ScoreObjective;Lnet/minecraft/client/gui/ScaledResolution;)V"
    },
    "me/rebirthclient/asm/mixins/MixinGuiChat": {
      "keyTyped(CI)V": "Lnet/minecraft/client/gui/GuiChat;func_73869_a(CI)V",
      "drawScreen": "Lnet/minecraft/client/gui/GuiChat;func_73863_a(IIF)V"
    },
    "me/rebirthclient/asm/mixins/MixinRenderManager": {
      "renderEntity": "Lnet/minecraft/client/renderer/entity/RenderManager;func_188391_a(Lnet/minecraft/entity/Entity;DDDFFZ)V"
    },
    "me/rebirthclient/asm/mixins/MixinGuiScreen": {
      "renderToolTip": "Lnet/minecraft/client/gui/GuiScreen;func_146285_a(Lnet/minecraft/item/ItemStack;II)V",
      "mouseClicked": "Lnet/minecraft/client/gui/GuiScreen;func_73864_a(III)V",
      "drawScreen": "Lnet/minecraft/client/gui/GuiScreen;func_73863_a(IIF)V",
      "drawWorldBackground(I)V": "Lnet/minecraft/client/gui/GuiScreen;func_146270_b(I)V"
    },
    "me/rebirthclient/asm/accessors/IGuiBossOverlay": {
      "mapBossInfos": "field_184060_g:Ljava/util/Map;",
      "render": "func_184052_a(IILnet/minecraft/world/BossInfo;)V"
    },
    "me/rebirthclient/asm/accessors/IEntityLivingBase": {
      "getArmSwingAnimationEnd": "func_82166_i()I"
    },
    "me/rebirthclient/asm/mixins/MixinPlayerControllerMP": {
      "clickBlock": "Lnet/minecraft/client/multiplayer/PlayerControllerMP;func_180511_b(Lnet/minecraft/util/math/BlockPos;Lnet/minecraft/util/EnumFacing;)Z",
      "Lnet/minecraft/world/World;playEvent(ILnet/minecraft/util/math/BlockPos;I)V": "Lnet/minecraft/world/World;func_175718_b(ILnet/minecraft/util/math/BlockPos;I)V",
      "onPlayerDamageBlock": "Lnet/minecraft/client/multiplayer/PlayerControllerMP;func_180512_c(Lnet/minecraft/util/math/BlockPos;Lnet/minecraft/util/EnumFacing;)Z",
      "Lnet/minecraft/block/state/IBlockState;getPlayerRelativeBlockHardness(Lnet/minecraft/entity/player/EntityPlayer;Lnet/minecraft/world/World;Lnet/minecraft/util/math/BlockPos;)F": "Lnet/minecraft/block/state/IBlockState;func_185903_a(Lnet/minecraft/entity/player/EntityPlayer;Lnet/minecraft/world/World;Lnet/minecraft/util/math/BlockPos;)F",
      "onPlayerDestroyBlock": "Lnet/minecraft/client/multiplayer/PlayerControllerMP;func_187103_a(Lnet/minecraft/util/math/BlockPos;)Z",
      "processRightClickBlock": "Lnet/minecraft/client/multiplayer/PlayerControllerMP;func_187099_a(Lnet/minecraft/client/entity/EntityPlayerSP;Lnet/minecraft/client/multiplayer/WorldClient;Lnet/minecraft/util/math/BlockPos;Lnet/minecraft/util/EnumFacing;Lnet/minecraft/util/math/Vec3d;Lnet/minecraft/util/EnumHand;)Lnet/minecraft/util/EnumActionResult;"
    },
    "me/rebirthclient/asm/mixins/MixinWorld": {
      "Lnet/minecraft/entity/Entity;isPushedByWater()Z": "Lnet/minecraft/entity/Entity;func_96092_aw()Z",
      "getSkyColor": "Lnet/minecraft/world/World;func_72833_a(Lnet/minecraft/entity/Entity;F)Lnet/minecraft/util/math/Vec3d;",
      "getEntitiesWithinAABB(Ljava/lang/Class;Lnet/minecraft/util/math/AxisAlignedBB;Lcom/google/common/base/Predicate;)Ljava/util/List;": "Lnet/minecraft/world/World;func_175647_a(Ljava/lang/Class;Lnet/minecraft/util/math/AxisAlignedBB;Lcom/google/common/base/Predicate;)Ljava/util/List;",
      "checkLightFor": "Lnet/minecraft/world/World;func_180500_c(Lnet/minecraft/world/EnumSkyBlock;Lnet/minecraft/util/math/BlockPos;)Z",
      "onEntityAdded": "Lnet/minecraft/world/World;func_72923_a(Lnet/minecraft/entity/Entity;)V",
      "Lnet/minecraft/world/chunk/Chunk;getEntitiesOfTypeWithinAABB(Ljava/lang/Class;Lnet/minecraft/util/math/AxisAlignedBB;Ljava/util/List;Lcom/google/common/base/Predicate;)V": "Lnet/minecraft/world/chunk/Chunk;func_177430_a(Ljava/lang/Class;Lnet/minecraft/util/math/AxisAlignedBB;Ljava/util/List;Lcom/google/common/base/Predicate;)V",
      "handleMaterialAcceleration": "Lnet/minecraft/world/World;func_72918_a(Lnet/minecraft/util/math/AxisAlignedBB;Lnet/minecraft/block/material/Material;Lnet/minecraft/entity/Entity;)Z"
    },
    "me/rebirthclient/asm/accessors/ICPacketPlayer": {
      "onGround": "field_149474_g:Z",
      "x": "field_149479_a:D",
      "y": "field_149477_b:D",
      "z": "field_149478_c:D",
      "pitch": "field_149473_f:F",
      "yaw": "field_149476_e:F"
    },
    "me/rebirthclient/asm/mixins/MixinTimer": {
      "net/minecraft/util/Timer.elapsedPartialTicks:F": "Lnet/minecraft/util/Timer;field_194148_c:F",
      "updateTimer": "Lnet/minecraft/util/Timer;func_74275_a()V"
    },
    "me/rebirthclient/asm/accessors/IRenderManager": {
      "renderPosX": "field_78725_b:D",
      "renderPosY": "field_78726_c:D",
      "renderPosZ": "field_78723_d:D"
    },
    "me/rebirthclient/asm/mixins/MixinFontRenderer": {
      "Lnet/minecraft/client/gui/FontRenderer;renderStringAtPos(Ljava/lang/String;Z)V": "Lnet/minecraft/client/gui/FontRenderer;func_78255_a(Ljava/lang/String;Z)V",
      "renderString(Ljava/lang/String;FFIZ)I": "Lnet/minecraft/client/gui/FontRenderer;func_180455_b(Ljava/lang/String;FFIZ)I",
      "drawString(Ljava/lang/String;FFIZ)I": "Lnet/minecraft/client/gui/FontRenderer;func_175065_a(Ljava/lang/String;FFIZ)I"
    },
    "me/rebirthclient/asm/accessors/ISPacketEntityVelocity": {
      "motionZ": "field_149414_d:I",
      "motionY": "field_149416_c:I",
      "motionX": "field_149415_b:I",
      "entityID": "field_149417_a:I"
    },
    "me/rebirthclient/asm/mixins/MixinMovementInputFromOptions": {
      "updatePlayerMoveState": "Lnet/minecraft/util/MovementInputFromOptions;func_78898_a()V",
      "Lnet/minecraft/client/settings/KeyBinding;isKeyDown()Z": "Lnet/minecraft/client/settings/KeyBinding;func_151470_d()Z"
    },
    "me/rebirthclient/asm/accessors/IC00Handshake": {
      "ip": "field_149598_b:Ljava/lang/String;"
    },
    "me/rebirthclient/asm/mixins/MixinLayerBipedArmor": {
      "setModelSlotVisible*": "Lnet/minecraft/client/renderer/entity/layers/LayerBipedArmor;func_188359_a(Lnet/minecraft/client/model/ModelBiped;Lnet/minecraft/inventory/EntityEquipmentSlot;)V"
    }
  },
  "data": {
    "searge": {
      "me/rebirthclient/asm/mixins/MixinBlockLiquid": {
        "modifyAcceleration": "Lnet/minecraft/block/BlockLiquid;func_176197_a(Lnet/minecraft/world/World;Lnet/minecraft/util/math/BlockPos;Lnet/minecraft/entity/Entity;Lnet/minecraft/util/math/Vec3d;)Lnet/minecraft/util/math/Vec3d;",
        "canCollideCheck": "Lnet/minecraft/block/BlockLiquid;func_176209_a(Lnet/minecraft/block/state/IBlockState;Z)Z"
      },
      "me/rebirthclient/asm/mixins/MixinLocale": {
        "checkUnicode": "Lnet/minecraft/client/resources/Locale;func_135024_b()V"
      },
      "me/rebirthclient/asm/mixins/MixinGuiToast": {
        "drawToast": "Lnet/minecraft/client/gui/toasts/GuiToast;func_191783_a(Lnet/minecraft/client/gui/ScaledResolution;)V"
      },
      "me/rebirthclient/asm/mixins/MixinEntityPlayerSP": {
        "move": "Lnet/minecraft/client/entity/EntityPlayerSP;func_70091_d(Lnet/minecraft/entity/MoverType;DDD)V",
        "onLivingUpdate": "Lnet/minecraft/client/entity/EntityPlayerSP;func_70636_d()V",
        "Lnet/minecraft/client/entity/AbstractClientPlayer;move(Lnet/minecraft/entity/MoverType;DDD)V": "Lnet/minecraft/client/entity/AbstractClientPlayer;func_70091_d(Lnet/minecraft/entity/MoverType;DDD)V",
        "pushOutOfBlocks": "Lnet/minecraft/client/entity/EntityPlayerSP;func_145771_j(DDD)Z",
        "Lnet/minecraft/client/entity/EntityPlayerSP;closeScreen()V": "Lnet/minecraft/client/entity/EntityPlayerSP;func_71053_j()V",
        "updateEntityActionState": "Lnet/minecraft/client/entity/EntityPlayerSP;func_70626_be()V",
        "onUpdateWalkingPlayer": "Lnet/minecraft/client/entity/EntityPlayerSP;func_175161_p()V",
        "Lnet/minecraft/client/entity/EntityPlayerSP;isCurrentViewEntity()Z": "Lnet/minecraft/client/entity/EntityPlayerSP;func_175160_A()Z",
        "Lnet/minecraft/client/Minecraft;displayGuiScreen(Lnet/minecraft/client/gui/GuiScreen;)V": "Lnet/minecraft/client/Minecraft;func_147108_a(Lnet/minecraft/client/gui/GuiScreen;)V"
      },
      "me/rebirthclient/asm/mixins/MixinGuiNewChat": {
        "drawChat": "Lnet/minecraft/client/gui/GuiNewChat;func_146230_a(I)V",
        "setChatLine": "Lnet/minecraft/client/gui/GuiNewChat;func_146237_a(Lnet/minecraft/util/text/ITextComponent;IIZ)V",
        "Lnet/minecraft/client/renderer/GlStateManager;pushMatrix()V": "Lnet/minecraft/client/renderer/GlStateManager;func_179094_E()V",
        "Lnet/minecraft/client/gui/GuiNewChat;drawRect(IIIII)V": "Lnet/minecraft/client/gui/GuiNewChat;func_73734_a(IIIII)V",
        "printChatMessageWithOptionalDeletion": "Lnet/minecraft/client/gui/GuiNewChat;func_146234_a(Lnet/minecraft/util/text/ITextComponent;I)V",
        "Lnet/minecraft/client/gui/FontRenderer;drawStringWithShadow(Ljava/lang/String;FFI)I": "Lnet/minecraft/client/gui/FontRenderer;func_175063_a(Ljava/lang/String;FFI)I"
      },
      "me/rebirthclient/asm/mixins/MixinEntity": {
        "move": "Lnet/minecraft/entity/Entity;func_70091_d(Lnet/minecraft/entity/MoverType;DDD)V",
        "applyEntityCollision": "Lnet/minecraft/entity/Entity;func_70108_f(Lnet/minecraft/entity/Entity;)V",
        "Lnet/minecraft/profiler/Profiler;endSection()V": "Lnet/minecraft/profiler/Profiler;func_76319_b()V",
        "rayTrace": "Lnet/minecraft/entity/Entity;func_174822_a(DF)Lnet/minecraft/util/math/RayTraceResult;",
        "turn": "Lnet/minecraft/entity/Entity;func_70082_c(FF)V",
        "Lnet/minecraft/entity/Entity;addVelocity(DDD)V": "Lnet/minecraft/entity/Entity;func_70024_g(DDD)V"
      },
      "me/rebirthclient/asm/mixins/MixinTileEntityShulkerBox": {
        "moveCollidedEntities": "Lnet/minecraft/tileentity/TileEntityShulkerBox;func_190589_G()V"
      },
      "me/rebirthclient/asm/mixins/MixinEntityRenderer": {
        "hurtCameraEffect": "Lnet/minecraft/client/renderer/EntityRenderer;func_78482_e(F)V",
        "Lnet/minecraft/client/Minecraft;getRenderViewEntity()Lnet/minecraft/entity/Entity;": "Lnet/minecraft/client/Minecraft;func_175606_aa()Lnet/minecraft/entity/Entity;",
        "Lnet/minecraft/client/renderer/texture/DynamicTexture;updateDynamicTexture()V": "Lnet/minecraft/client/renderer/texture/DynamicTexture;func_110564_a()V",
        "Lnet/minecraft/client/entity/EntityPlayerSP;turn(FF)V": "Lnet/minecraft/client/entity/EntityPlayerSP;func_70082_c(FF)V",
        "setupCameraTransform": "Lnet/minecraft/client/renderer/EntityRenderer;func_78479_a(FI)V",
        "updateCameraAndRender": "Lnet/minecraft/client/renderer/EntityRenderer;func_181560_a(FJ)V",
        "updateLightmap": "Lnet/minecraft/client/renderer/EntityRenderer;func_78472_g(F)V",
        "Lnet/minecraft/client/multiplayer/WorldClient;getEntitiesInAABBexcluding(Lnet/minecraft/entity/Entity;Lnet/minecraft/util/math/AxisAlignedBB;Lcom/google/common/base/Predicate;)Ljava/util/List;": "Lnet/minecraft/client/multiplayer/WorldClient;func_175674_a(Lnet/minecraft/entity/Entity;Lnet/minecraft/util/math/AxisAlignedBB;Lcom/google/common/base/Predicate;)Ljava/util/List;",
        "renderCloudsCheck": "Lnet/minecraft/client/renderer/EntityRenderer;func_180437_a(Lnet/minecraft/client/renderer/RenderGlobal;FIDDD)V",
        "Lnet/minecraft/client/entity/EntityPlayerSP;isSpectator()Z": "Lnet/minecraft/client/entity/EntityPlayerSP;func_175149_v()Z",
        "renderItemActivation": "Lnet/minecraft/client/renderer/EntityRenderer;func_190563_a(IIF)V",
        "orientCamera": "Lnet/minecraft/client/renderer/EntityRenderer;func_78467_g(F)V",
        "getMouseOver": "Lnet/minecraft/client/renderer/EntityRenderer;func_78473_a(F)V",
        "renderWorldPass": "Lnet/minecraft/client/renderer/EntityRenderer;func_175068_a(IFJ)V"
      },
      "me/rebirthclient/asm/mixins/MixinGuiPlayerTabOverlay": {
        "renderPlayerlist": "Lnet/minecraft/client/gui/GuiPlayerTabOverlay;func_175249_a(ILnet/minecraft/scoreboard/Scoreboard;Lnet/minecraft/scoreboard/ScoreObjective;)V",
        "getPlayerName": "Lnet/minecraft/client/gui/GuiPlayerTabOverlay;func_175243_a(Lnet/minecraft/client/network/NetworkPlayerInfo;)Ljava/lang/String;"
      },
      "me/rebirthclient/asm/accessors/ISPacketExplosion": {
        "motionZ": "field_149159_h:F",
        "motionY": "field_149153_g:F",
        "motionX": "field_149152_f:F"
      },
      "me/rebirthclient/asm/mixins/MixinItemEntityRenderer": {
        "doRender": "Lnet/minecraft/client/renderer/entity/RenderEntityItem;func_76986_a(Lnet/minecraft/entity/item/EntityItem;DDDFF)V"
      },
      "me/rebirthclient/asm/mixins/MixinEntityPlayer": {
        "getCooldownPeriod": "Lnet/minecraft/entity/player/EntityPlayer;func_184818_cX()F",
        "jump": "Lnet/minecraft/entity/player/EntityPlayer;func_70664_aZ()V"
      },
      "me/rebirthclient/asm/mixins/MixinRenderPlayer": {
        "Lnet/minecraft/client/entity/AbstractClientPlayer;isUser()Z": "Lnet/minecraft/client/entity/AbstractClientPlayer;func_175144_cb()Z",
        "doRender": "Lnet/minecraft/client/renderer/entity/RenderPlayer;func_76986_a(Lnet/minecraft/client/entity/AbstractClientPlayer;DDDFF)V",
        "renderEntityName*": "Lnet/minecraft/client/renderer/entity/RenderPlayer;func_188296_a(Lnet/minecraft/client/entity/AbstractClientPlayer;DDDLjava/lang/String;D)V",
        "getEntityTexture": "Lnet/minecraft/client/renderer/entity/RenderPlayer;func_110775_a(Lnet/minecraft/client/entity/AbstractClientPlayer;)Lnet/minecraft/util/ResourceLocation;"
      },
      "me/rebirthclient/asm/accessors/IEntityPlayerSP": {
        "lastReportedPitch": "field_175165_bM:F",
        "autoJumpEnabled": "field_189811_cr:Z",
        "positionUpdateTicks": "field_175168_bP:I",
        "serverSneakState": "field_175170_bN:Z",
        "serverSprintState": "field_175171_bO:Z",
        "prevOnGround": "field_184841_cd:Z",
        "lastReportedPosY": "field_175166_bJ:D",
        "lastReportedPosZ": "field_175167_bK:D",
        "onUpdateWalkingPlayer": "func_175161_p()V",
        "lastReportedPosX": "field_175172_bI:D",
        "handActive": "field_184842_cm:Z",
        "lastReportedYaw": "field_175164_bL:F"
      },
      "me/rebirthclient/asm/accessors/IShaderGroup": {
        "mainFramebuffer": "field_148035_a:Lnet/minecraft/client/shader/Framebuffer;",
        "listShaders": "field_148031_d:Ljava/util/List;"
      },
      "me/rebirthclient/asm/mixins/MixinMinecraft": {
        "sendClickBlockToController": "Lnet/minecraft/client/Minecraft;func_147115_a(Z)V",
        "Lnet/minecraft/client/Minecraft;displayCrashReport(Lnet/minecraft/crash/CrashReport;)V": "Lnet/minecraft/client/Minecraft;func_71377_b(Lnet/minecraft/crash/CrashReport;)V",
        "getLimitFramerate": "Lnet/minecraft/client/Minecraft;func_90020_K()I",
        "Lnet/minecraft/client/multiplayer/PlayerControllerMP;getIsHittingBlock()Z": "Lnet/minecraft/client/multiplayer/PlayerControllerMP;func_181040_m()Z",
        "run": "Lnet/minecraft/client/Minecraft;func_99999_d()V",
        "shutdownMinecraftApplet": "Lnet/minecraft/client/Minecraft;func_71405_e()V",
        "rightClickMouse": "Lnet/minecraft/client/Minecraft;func_147121_ag()V",
        "Lnet/minecraft/client/entity/EntityPlayerSP;isHandActive()Z": "Lnet/minecraft/client/entity/EntityPlayerSP;func_184587_cr()Z"
      },
      "me/rebirthclient/asm/mixins/MixinNetworkManager": {
        "sendPacket(Lnet/minecraft/network/Packet;)V": "Lnet/minecraft/network/NetworkManager;func_179290_a(Lnet/minecraft/network/Packet;)V",
        "exceptionCaught": "Lnet/minecraft/network/NetworkManager;exceptionCaught(Lio/netty/channel/ChannelHandlerContext;Ljava/lang/Throwable;)V",
        "channelRead0": "Lnet/minecraft/network/NetworkManager;channelRead0(Lio/netty/channel/ChannelHandlerContext;Lnet/minecraft/network/Packet;)V"
      },
      "me/rebirthclient/asm/mixins/MixinRenderLivingBase": {
        "Lnet/minecraft/client/model/ModelBase;render(Lnet/minecraft/entity/Entity;FFFFFF)V": "Lnet/minecraft/client/model/ModelBase;func_78088_a(Lnet/minecraft/entity/Entity;FFFFFF)V",
        "doRender*": "Lnet/minecraft/client/renderer/entity/RenderLivingBase;func_76986_a(Lnet/minecraft/entity/EntityLivingBase;DDDFF)V",
        "renderModel": "Lnet/minecraft/client/renderer/entity/RenderLivingBase;func_77036_a(Lnet/minecraft/entity/EntityLivingBase;FFFFFF)V"
      },
      "me/rebirthclient/asm/accessors/IGuiShulkerBox": {
        "inventory": "field_190779_v:Lnet/minecraft/inventory/IInventory;"
      },
      "me/rebirthclient/asm/mixins/MixinItemRenderer": {
        "Lnet/minecraft/client/renderer/ItemRenderer;renderItemSide(Lnet/minecraft/entity/EntityLivingBase;Lnet/minecraft/item/ItemStack;Lnet/minecraft/client/renderer/block/model/ItemCameraTransforms$TransformType;Z)V": "Lnet/minecraft/client/renderer/ItemRenderer;func_187462_a(Lnet/minecraft/entity/EntityLivingBase;Lnet/minecraft/item/ItemStack;Lnet/minecraft/client/renderer/block/model/ItemCameraTransforms$TransformType;Z)V",
        "renderItemInFirstPerson(Lnet/minecraft/client/entity/AbstractClientPlayer;FFLnet/minecraft/util/EnumHand;FLnet/minecraft/item/ItemStack;F)V": "Lnet/minecraft/client/renderer/ItemRenderer;func_187457_a(Lnet/minecraft/client/entity/AbstractClientPlayer;FFLnet/minecraft/util/EnumHand;FLnet/minecraft/item/ItemStack;F)V",
        "rotateArm": "Lnet/minecraft/client/renderer/ItemRenderer;func_187458_c(F)V",
        "renderFireInFirstPerson": "Lnet/minecraft/client/renderer/ItemRenderer;func_78442_d()V",
        "renderOverlays": "Lnet/minecraft/client/renderer/ItemRenderer;func_78447_b(F)V",
        "transformSideFirstPerson": "Lnet/minecraft/client/renderer/ItemRenderer;func_187459_b(Lnet/minecraft/util/EnumHandSide;F)V",
        "setLightmap": "Lnet/minecraft/client/renderer/ItemRenderer;func_187464_b()V",
        "renderItemInFirstPerson(F)V": "Lnet/minecraft/client/renderer/ItemRenderer;func_78440_a(F)V",
        "Lnet/minecraft/client/Minecraft;player:Lnet/minecraft/client/entity/EntityPlayerSP;": "Lnet/minecraft/client/Minecraft;field_71439_g:Lnet/minecraft/client/entity/EntityPlayerSP;",
        "transformEatFirstPerson": "Lnet/minecraft/client/renderer/ItemRenderer;func_187454_a(FLnet/minecraft/util/EnumHandSide;Lnet/minecraft/item/ItemStack;)V"
      },
      "me/rebirthclient/asm/mixins/MixinRenderGlobal": {
        "sendBlockBreakProgress": "Lnet/minecraft/client/renderer/RenderGlobal;func_180441_b(ILnet/minecraft/util/math/BlockPos;I)V",
        "damagedBlocks": "field_72738_E:Ljava/util/Map;"
      },
      "me/rebirthclient/asm/mixins/MixinLayerEntityOnShoulder": {
        "doRenderLayer*": "Lnet/minecraft/client/renderer/entity/layers/LayerEntityOnShoulder;func_177141_a(Lnet/minecraft/entity/player/EntityPlayer;FFFFFFF)V"
      },
      "me/rebirthclient/asm/accessors/IEntityRenderer": {
        "renderHand": "func_78476_b(FI)V",
        "setupCameraTransform": "func_78479_a(FI)V"
      },
      "me/rebirthclient/asm/mixins/MixinEntityLivingBase": {
        "onLivingUpdate": "Lnet/minecraft/entity/EntityLivingBase;func_70636_d()V",
        "travel": "Lnet/minecraft/entity/EntityLivingBase;func_191986_a(FFF)V",
        "getArmSwingAnimationEnd": "Lnet/minecraft/entity/EntityLivingBase;func_82166_i()I"
      },
      "me/rebirthclient/asm/mixins/MixinNetHandlerPlayClient": {
        "onDisconnect": "Lnet/minecraft/client/network/NetHandlerPlayClient;func_147231_a(Lnet/minecraft/util/text/ITextComponent;)V"
      },
      "me/rebirthclient/asm/accessors/IServerAddress": {
        "getServerAddress": "func_78863_b(Ljava/lang/String;)[Ljava/lang/String;"
      },
      "me/rebirthclient/asm/mixins/MixinGuiMainMenu": {
        "drawScreen(IIF)V": "Lnet/minecraft/client/gui/GuiMainMenu;func_73863_a(IIF)V",
        "mouseClicked": "Lnet/minecraft/client/gui/GuiMainMenu;func_73864_a(III)V",
        "initGui": "Lnet/minecraft/client/gui/GuiMainMenu;func_73866_w_()V",
        "keyTyped": "Lnet/minecraft/client/gui/GuiMainMenu;func_73869_a(CI)V"
      },
      "me/rebirthclient/asm/mixins/MixinRenderItem": {
        "net/minecraft/client/renderer/RenderItem.renderModel(Lnet/minecraft/client/renderer/block/model/IBakedModel;I)V": "Lnet/minecraft/client/renderer/RenderItem;func_191965_a(Lnet/minecraft/client/renderer/block/model/IBakedModel;I)V",
        "renderItemModel": "Lnet/minecraft/client/renderer/RenderItem;func_184394_a(Lnet/minecraft/item/ItemStack;Lnet/minecraft/client/renderer/block/model/IBakedModel;Lnet/minecraft/client/renderer/block/model/ItemCameraTransforms$TransformType;Z)V",
        "Lnet/minecraft/client/renderer/RenderItem;renderItem(Lnet/minecraft/item/ItemStack;Lnet/minecraft/client/renderer/block/model/IBakedModel;)V": "Lnet/minecraft/client/renderer/RenderItem;func_180454_a(Lnet/minecraft/item/ItemStack;Lnet/minecraft/client/renderer/block/model/IBakedModel;)V",
        "renderEffect": "Lnet/minecraft/client/renderer/RenderItem;func_191966_a(Lnet/minecraft/client/renderer/block/model/IBakedModel;)V"
      },
      "me/rebirthclient/asm/mixins/MixinModelPlayer": {
        "render": "Lnet/minecraft/client/model/ModelPlayer;func_78088_a(Lnet/minecraft/entity/Entity;FFFFFF)V"
      },
      "me/rebirthclient/asm/mixins/MixinRenderEnderCrystal": {
        "Lnet/minecraft/client/model/ModelBase;render(Lnet/minecraft/entity/Entity;FFFFFF)V": "Lnet/minecraft/client/model/ModelBase;func_78088_a(Lnet/minecraft/entity/Entity;FFFFFF)V",
        "doRender(Lnet/minecraft/entity/item/EntityEnderCrystal;DDDFF)V": "Lnet/minecraft/client/renderer/entity/RenderEnderCrystal;func_76986_a(Lnet/minecraft/entity/item/EntityEnderCrystal;DDDFF)V"
      },
      "me/rebirthclient/asm/accessors/IRenderGlobal": {
        "entityOutlineShader": "field_174991_A:Lnet/minecraft/client/shader/ShaderGroup;",
        "damagedBlocks": "field_72738_E:Ljava/util/Map;"
      },
      "me/rebirthclient/asm/mixins/MixinLayerArmorBase": {
        "doRenderLayer": "Lnet/minecraft/client/renderer/entity/layers/LayerArmorBase;func_177141_a(Lnet/minecraft/entity/EntityLivingBase;FFFFFFF)V",
        "Lnet/minecraft/client/renderer/entity/layers/LayerArmorBase;renderArmorLayer(Lnet/minecraft/entity/EntityLivingBase;FFFFFFFLnet/minecraft/inventory/EntityEquipmentSlot;)V": "Lnet/minecraft/client/renderer/entity/layers/LayerArmorBase;func_188361_a(Lnet/minecraft/entity/EntityLivingBase;FFFFFFFLnet/minecraft/inventory/EntityEquipmentSlot;)V"
      },
      "me/rebirthclient/asm/mixins/MixinGuiInGame": {
        "renderPotionEffects": "Lnet/minecraft/client/gui/GuiIngame;func_184048_a(Lnet/minecraft/client/gui/ScaledResolution;)V",
        "renderScoreboard": "Lnet/minecraft/client/gui/GuiIngame;func_180475_a(Lnet/minecraft/scoreboard/ScoreObjective;Lnet/minecraft/client/gui/ScaledResolution;)V"
      },
      "me/rebirthclient/asm/mixins/MixinGuiChat": {
        "keyTyped(CI)V": "Lnet/minecraft/client/gui/GuiChat;func_73869_a(CI)V",
        "drawScreen": "Lnet/minecraft/client/gui/GuiChat;func_73863_a(IIF)V"
      },
      "me/rebirthclient/asm/mixins/MixinRenderManager": {
        "renderEntity": "Lnet/minecraft/client/renderer/entity/RenderManager;func_188391_a(Lnet/minecraft/entity/Entity;DDDFFZ)V"
      },
      "me/rebirthclient/asm/mixins/MixinGuiScreen": {
        "renderToolTip": "Lnet/minecraft/client/gui/GuiScreen;func_146285_a(Lnet/minecraft/item/ItemStack;II)V",
        "mouseClicked": "Lnet/minecraft/client/gui/GuiScreen;func_73864_a(III)V",
        "drawScreen": "Lnet/minecraft/client/gui/GuiScreen;func_73863_a(IIF)V",
        "drawWorldBackground(I)V": "Lnet/minecraft/client/gui/GuiScreen;func_146270_b(I)V"
      },
      "me/rebirthclient/asm/accessors/IGuiBossOverlay": {
        "mapBossInfos": "field_184060_g:Ljava/util/Map;",
        "render": "func_184052_a(IILnet/minecraft/world/BossInfo;)V"
      },
      "me/rebirthclient/asm/accessors/IEntityLivingBase": {
        "getArmSwingAnimationEnd": "func_82166_i()I"
      },
      "me/rebirthclient/asm/mixins/MixinPlayerControllerMP": {
        "clickBlock": "Lnet/minecraft/client/multiplayer/PlayerControllerMP;func_180511_b(Lnet/minecraft/util/math/BlockPos;Lnet/minecraft/util/EnumFacing;)Z",
        "Lnet/minecraft/world/World;playEvent(ILnet/minecraft/util/math/BlockPos;I)V": "Lnet/minecraft/world/World;func_175718_b(ILnet/minecraft/util/math/BlockPos;I)V",
        "onPlayerDamageBlock": "Lnet/minecraft/client/multiplayer/PlayerControllerMP;func_180512_c(Lnet/minecraft/util/math/BlockPos;Lnet/minecraft/util/EnumFacing;)Z",
        "Lnet/minecraft/block/state/IBlockState;getPlayerRelativeBlockHardness(Lnet/minecraft/entity/player/EntityPlayer;Lnet/minecraft/world/World;Lnet/minecraft/util/math/BlockPos;)F": "Lnet/minecraft/block/state/IBlockState;func_185903_a(Lnet/minecraft/entity/player/EntityPlayer;Lnet/minecraft/world/World;Lnet/minecraft/util/math/BlockPos;)F",
        "onPlayerDestroyBlock": "Lnet/minecraft/client/multiplayer/PlayerControllerMP;func_187103_a(Lnet/minecraft/util/math/BlockPos;)Z",
        "processRightClickBlock": "Lnet/minecraft/client/multiplayer/PlayerControllerMP;func_187099_a(Lnet/minecraft/client/entity/EntityPlayerSP;Lnet/minecraft/client/multiplayer/WorldClient;Lnet/minecraft/util/math/BlockPos;Lnet/minecraft/util/EnumFacing;Lnet/minecraft/util/math/Vec3d;Lnet/minecraft/util/EnumHand;)Lnet/minecraft/util/EnumActionResult;"
      },
      "me/rebirthclient/asm/mixins/MixinWorld": {
        "Lnet/minecraft/entity/Entity;isPushedByWater()Z": "Lnet/minecraft/entity/Entity;func_96092_aw()Z",
        "getSkyColor": "Lnet/minecraft/world/World;func_72833_a(Lnet/minecraft/entity/Entity;F)Lnet/minecraft/util/math/Vec3d;",
        "getEntitiesWithinAABB(Ljava/lang/Class;Lnet/minecraft/util/math/AxisAlignedBB;Lcom/google/common/base/Predicate;)Ljava/util/List;": "Lnet/minecraft/world/World;func_175647_a(Ljava/lang/Class;Lnet/minecraft/util/math/AxisAlignedBB;Lcom/google/common/base/Predicate;)Ljava/util/List;",
        "checkLightFor": "Lnet/minecraft/world/World;func_180500_c(Lnet/minecraft/world/EnumSkyBlock;Lnet/minecraft/util/math/BlockPos;)Z",
        "onEntityAdded": "Lnet/minecraft/world/World;func_72923_a(Lnet/minecraft/entity/Entity;)V",
        "Lnet/minecraft/world/chunk/Chunk;getEntitiesOfTypeWithinAABB(Ljava/lang/Class;Lnet/minecraft/util/math/AxisAlignedBB;Ljava/util/List;Lcom/google/common/base/Predicate;)V": "Lnet/minecraft/world/chunk/Chunk;func_177430_a(Ljava/lang/Class;Lnet/minecraft/util/math/AxisAlignedBB;Ljava/util/List;Lcom/google/common/base/Predicate;)V",
        "handleMaterialAcceleration": "Lnet/minecraft/world/World;func_72918_a(Lnet/minecraft/util/math/AxisAlignedBB;Lnet/minecraft/block/material/Material;Lnet/minecraft/entity/Entity;)Z"
      },
      "me/rebirthclient/asm/accessors/ICPacketPlayer": {
        "onGround": "field_149474_g:Z",
        "x": "field_149479_a:D",
        "y": "field_149477_b:D",
        "z": "field_149478_c:D",
        "pitch": "field_149473_f:F",
        "yaw": "field_149476_e:F"
      },
      "me/rebirthclient/asm/mixins/MixinTimer": {
        "net/minecraft/util/Timer.elapsedPartialTicks:F": "Lnet/minecraft/util/Timer;field_194148_c:F",
        "updateTimer": "Lnet/minecraft/util/Timer;func_74275_a()V"
      },
      "me/rebirthclient/asm/accessors/IRenderManager": {
        "renderPosX": "field_78725_b:D",
        "renderPosY": "field_78726_c:D",
        "renderPosZ": "field_78723_d:D"
      },
      "me/rebirthclient/asm/mixins/MixinFontRenderer": {
        "Lnet/minecraft/client/gui/FontRenderer;renderStringAtPos(Ljava/lang/String;Z)V": "Lnet/minecraft/client/gui/FontRenderer;func_78255_a(Ljava/lang/String;Z)V",
        "renderString(Ljava/lang/String;FFIZ)I": "Lnet/minecraft/client/gui/FontRenderer;func_180455_b(Ljava/lang/String;FFIZ)I",
        "drawString(Ljava/lang/String;FFIZ)I": "Lnet/minecraft/client/gui/FontRenderer;func_175065_a(Ljava/lang/String;FFIZ)I"
      },
      "me/rebirthclient/asm/accessors/ISPacketEntityVelocity": {
        "motionZ": "field_149414_d:I",
        "motionY": "field_149416_c:I",
        "motionX": "field_149415_b:I",
        "entityID": "field_149417_a:I"
      },
      "me/rebirthclient/asm/mixins/MixinMovementInputFromOptions": {
        "updatePlayerMoveState": "Lnet/minecraft/util/MovementInputFromOptions;func_78898_a()V",
        "Lnet/minecraft/client/settings/KeyBinding;isKeyDown()Z": "Lnet/minecraft/client/settings/KeyBinding;func_151470_d()Z"
      },
      "me/rebirthclient/asm/accessors/IC00Handshake": {
        "ip": "field_149598_b:Ljava/lang/String;"
      },
      "me/rebirthclient/asm/mixins/MixinLayerBipedArmor": {
        "setModelSlotVisible*": "Lnet/minecraft/client/renderer/entity/layers/LayerBipedArmor;func_188359_a(Lnet/minecraft/client/model/ModelBiped;Lnet/minecraft/inventory/EntityEquipmentSlot;)V"
      }
    }
  }
}